{"modsHash":2369335631,"transformedClassNames":{"joptsimple.BuiltinHelpFormatter":"joptsimple.BuiltinHelpFormatter","com.google.gson.internal.bind.TimeTypeAdapter$1":"com.google.gson.internal.bind.TimeTypeAdapter$1","com.google.gson.reflect.TypeToken":"com.google.gson.reflect.TypeToken","com.google.gson.internal.bind.TypeAdapters$23":"com.google.gson.internal.bind.TypeAdapters$23","com.google.gson.internal.bind.TypeAdapters$24":"com.google.gson.internal.bind.TypeAdapters$24","com.google.gson.internal.bind.TypeAdapters$25":"com.google.gson.internal.bind.TypeAdapters$25","com.google.gson.internal.bind.TypeAdapters$26":"com.google.gson.internal.bind.TypeAdapters$26","joptsimple.ValueConversionException":"joptsimple.ValueConversionException","com.google.gson.internal.bind.TypeAdapters$20":"com.google.gson.internal.bind.TypeAdapters$20","com.google.gson.GsonBuilder":"com.google.gson.GsonBuilder","com.google.gson.TypeAdapter":"com.google.gson.TypeAdapter","com.google.gson.internal.bind.JsonTreeWriter":"com.google.gson.internal.bind.JsonTreeWriter","com.google.gson.internal.bind.TypeAdapters$21":"com.google.gson.internal.bind.TypeAdapters$21","com.google.gson.JsonDeserializationContext":"com.google.gson.JsonDeserializationContext","com.google.gson.internal.bind.TypeAdapters$22":"com.google.gson.internal.bind.TypeAdapters$22","com.google.gson.internal.bind.TypeAdapters$27":"com.google.gson.internal.bind.TypeAdapters$27","com.google.gson.FieldNamingStrategy":"com.google.gson.FieldNamingStrategy","com.google.gson.internal.bind.TypeAdapters$28":"com.google.gson.internal.bind.TypeAdapters$28","com.google.gson.internal.bind.TypeAdapters$29":"com.google.gson.internal.bind.TypeAdapters$29","com.google.gson.internal.bind.SqlDateTypeAdapter":"com.google.gson.internal.bind.SqlDateTypeAdapter","com.google.gson.internal.bind.TypeAdapterRuntimeTypeWrapper":"com.google.gson.internal.bind.TypeAdapterRuntimeTypeWrapper","com.google.gson.internal.bind.TimeTypeAdapter":"com.google.gson.internal.bind.TimeTypeAdapter","joptsimple.OptionDescriptor":"joptsimple.OptionDescriptor","joptsimple.OptionSpec":"joptsimple.OptionSpec","joptsimple.OptionArgumentConversionException":"joptsimple.OptionArgumentConversionException","com.google.gson.internal.bind.TypeAdapters$34":"com.google.gson.internal.bind.TypeAdapters$34","com.google.gson.internal.bind.TypeAdapters$35":"com.google.gson.internal.bind.TypeAdapters$35","joptsimple.internal.MethodInvokingValueConverter":"joptsimple.internal.MethodInvokingValueConverter","com.google.gson.internal.bind.TypeAdapters$36":"com.google.gson.internal.bind.TypeAdapters$36","com.google.gson.internal.bind.TypeAdapters$30":"com.google.gson.internal.bind.TypeAdapters$30","joptsimple.IllegalOptionSpecificationException":"joptsimple.IllegalOptionSpecificationException","com.google.gson.internal.bind.TypeAdapters$32":"com.google.gson.internal.bind.TypeAdapters$32","joptsimple.OptionalArgumentOptionSpec":"joptsimple.OptionalArgumentOptionSpec","com.google.gson.internal.bind.TypeAdapters$33":"com.google.gson.internal.bind.TypeAdapters$33","joptsimple.ArgumentAcceptingOptionSpec":"joptsimple.ArgumentAcceptingOptionSpec","cuc":"cuc","com.google.gson.JsonArray":"com.google.gson.JsonArray","com.google.gson.LongSerializationPolicy":"com.google.gson.LongSerializationPolicy","com.google.gson.internal.bind.TypeAdapters$35$1":"com.google.gson.internal.bind.TypeAdapters$35$1","com.google.gson.internal.Excluder":"com.google.gson.internal.Excluder","joptsimple.internal.OptionNameMap":"joptsimple.internal.OptionNameMap","zs":"zs","com.google.gson.internal.LinkedTreeMap$EntrySet$1":"com.google.gson.internal.LinkedTreeMap$EntrySet$1","joptsimple.OptionSpecBuilder":"joptsimple.OptionSpecBuilder","com.google.gson.TypeAdapterFactory":"com.google.gson.TypeAdapterFactory","com.google.gson.internal.bind.TypeAdapters$EnumTypeAdapter":"com.google.gson.internal.bind.TypeAdapters$EnumTypeAdapter","zy":"zy","joptsimple.util.KeyValuePair":"joptsimple.util.KeyValuePair","com.google.gson.internal.bind.MapTypeAdapterFactory$Adapter":"com.google.gson.internal.bind.MapTypeAdapterFactory$Adapter","com.google.gson.stream.JsonReader$1":"com.google.gson.stream.JsonReader$1","com.google.gson.internal.$Gson$Types":"com.google.gson.internal.$Gson$Types","joptsimple.MultipleArgumentsForOptionException":"joptsimple.MultipleArgumentsForOptionException","dgh":"dgh","joptsimple.OptionDeclarer":"joptsimple.OptionDeclarer","joptsimple.internal.Strings":"joptsimple.internal.Strings","it.unimi.dsi.fastutil.Hash$Strategy":"it.unimi.dsi.fastutil.Hash$Strategy","com.google.gson.stream.JsonReader":"com.google.gson.stream.JsonReader","com.mojang.authlib.properties.PropertyMap$Serializer":"com.mojang.authlib.properties.PropertyMap$Serializer","com.google.gson.InstanceCreator":"com.google.gson.InstanceCreator","joptsimple.NonOptionArgumentSpec":"joptsimple.NonOptionArgumentSpec","joptsimple.RequiredArgumentOptionSpec":"joptsimple.RequiredArgumentOptionSpec","com.google.gson.internal.bind.MapTypeAdapterFactory":"com.google.gson.internal.bind.MapTypeAdapterFactory","joptsimple.internal.ConstructorInvokingValueConverter":"joptsimple.internal.ConstructorInvokingValueConverter","com.google.gson.Gson$FutureTypeAdapter":"com.google.gson.Gson$FutureTypeAdapter","com.google.gson.internal.bind.TreeTypeAdapter":"com.google.gson.internal.bind.TreeTypeAdapter","com.google.gson.internal.LinkedTreeMap$Node":"com.google.gson.internal.LinkedTreeMap$Node","com.google.gson.stream.JsonWriter":"com.google.gson.stream.JsonWriter","com.google.gson.internal.bind.ArrayTypeAdapter$1":"com.google.gson.internal.bind.ArrayTypeAdapter$1","joptsimple.HelpFormatter":"joptsimple.HelpFormatter","com.google.gson.internal.bind.TreeTypeAdapter$SingleTypeFactory":"com.google.gson.internal.bind.TreeTypeAdapter$SingleTypeFactory","com.google.gson.internal.$Gson$Preconditions":"com.google.gson.internal.$Gson$Preconditions","com.google.gson.internal.Streams":"com.google.gson.internal.Streams","com.google.gson.internal.bind.TypeAdapters$12":"com.google.gson.internal.bind.TypeAdapters$12","joptsimple.MissingRequiredOptionsException":"joptsimple.MissingRequiredOptionsException","com.google.gson.internal.bind.TypeAdapters$13":"com.google.gson.internal.bind.TypeAdapters$13","com.google.gson.internal.bind.TypeAdapters$14":"com.google.gson.internal.bind.TypeAdapters$14","com.google.gson.internal.bind.TypeAdapters$15":"com.google.gson.internal.bind.TypeAdapters$15","joptsimple.AlternativeLongOptionSpec":"joptsimple.AlternativeLongOptionSpec","com.google.gson.internal.bind.TypeAdapters$10":"com.google.gson.internal.bind.TypeAdapters$10","com.google.gson.internal.bind.TypeAdapters$11":"com.google.gson.internal.bind.TypeAdapters$11","p":"p","com.google.gson.stream.MalformedJsonException":"com.google.gson.stream.MalformedJsonException","com.google.gson.internal.bind.ArrayTypeAdapter":"com.google.gson.internal.bind.ArrayTypeAdapter","com.google.gson.stream.JsonToken":"com.google.gson.stream.JsonToken","com.google.gson.internal.bind.TypeAdapters$16":"com.google.gson.internal.bind.TypeAdapters$16","dgh$d":"dgh$d","com.google.gson.internal.ObjectConstructor":"com.google.gson.internal.ObjectConstructor","com.google.gson.internal.bind.TypeAdapters$17":"com.google.gson.internal.bind.TypeAdapters$17","com.google.gson.internal.bind.TypeAdapters$18":"com.google.gson.internal.bind.TypeAdapters$18","com.google.gson.JsonNull":"com.google.gson.JsonNull","com.google.gson.internal.bind.TypeAdapters$19":"com.google.gson.internal.bind.TypeAdapters$19","com.google.gson.internal.bind.DateTypeAdapter$1":"com.google.gson.internal.bind.DateTypeAdapter$1","joptsimple.UnconfiguredOptionException":"joptsimple.UnconfiguredOptionException","com.google.gson.LongSerializationPolicy$1":"com.google.gson.LongSerializationPolicy$1","com.google.gson.LongSerializationPolicy$2":"com.google.gson.LongSerializationPolicy$2","com.google.gson.JsonObject":"com.google.gson.JsonObject","com.google.gson.TypeAdapter$1":"com.google.gson.TypeAdapter$1","com.google.gson.Gson$6":"com.google.gson.Gson$6","com.google.gson.Gson$2":"com.google.gson.Gson$2","joptsimple.internal.Reflection":"joptsimple.internal.Reflection","com.google.gson.Gson$3":"com.google.gson.Gson$3","com.google.gson.internal.bind.ObjectTypeAdapter":"com.google.gson.internal.bind.ObjectTypeAdapter","com.google.gson.internal.bind.TreeTypeAdapter$GsonContextImpl":"com.google.gson.internal.bind.TreeTypeAdapter$GsonContextImpl","joptsimple.UnavailableOptionException":"joptsimple.UnavailableOptionException","com.google.gson.JsonSerializer":"com.google.gson.JsonSerializer","com.google.gson.Gson$4":"com.google.gson.Gson$4","joptsimple.AbstractOptionSpec":"joptsimple.AbstractOptionSpec","com.google.gson.Gson$5":"com.google.gson.Gson$5","com.google.gson.internal.bind.DateTypeAdapter":"com.google.gson.internal.bind.DateTypeAdapter","com.google.gson.internal.bind.CollectionTypeAdapterFactory$Adapter":"com.google.gson.internal.bind.CollectionTypeAdapterFactory$Adapter","com.google.gson.Gson$1":"com.google.gson.Gson$1","com.google.gson.internal.bind.TypeAdapters$26$1":"com.google.gson.internal.bind.TypeAdapters$26$1","net.minecraft.client.main.Main$2":"net.minecraft.client.main.Main$2","net.minecraft.client.main.Main$1":"net.minecraft.client.main.Main$1","com.mojang.authlib.properties.PropertyMap":"com.mojang.authlib.properties.PropertyMap","com.google.gson.Gson":"com.google.gson.Gson","joptsimple.OptionParser":"joptsimple.OptionParser","com.google.gson.internal.LinkedTreeMap$1":"com.google.gson.internal.LinkedTreeMap$1","org.fusesource.jansi.WindowsAnsiOutputStream":"org.fusesource.jansi.WindowsAnsiOutputStream","joptsimple.OptionSet":"joptsimple.OptionSet","com.google.gson.internal.bind.JsonAdapterAnnotationTypeAdapterFactory":"com.google.gson.internal.bind.JsonAdapterAnnotationTypeAdapterFactory","com.google.gson.internal.bind.ReflectiveTypeAdapterFactory$BoundField":"com.google.gson.internal.bind.ReflectiveTypeAdapterFactory$BoundField","joptsimple.OptionParserState$2":"joptsimple.OptionParserState$2","com.google.gson.internal.bind.ReflectiveTypeAdapterFactory":"com.google.gson.internal.bind.ReflectiveTypeAdapterFactory","com.google.gson.internal.LinkedTreeMap$EntrySet":"com.google.gson.internal.LinkedTreeMap$EntrySet","com.google.gson.internal.bind.ReflectiveTypeAdapterFactory$1":"com.google.gson.internal.bind.ReflectiveTypeAdapterFactory$1","joptsimple.OptionParserState$1":"joptsimple.OptionParserState$1","joptsimple.ParserRules":"joptsimple.ParserRules","com.google.gson.internal.Excluder$1":"com.google.gson.internal.Excluder$1","com.google.gson.internal.bind.TypeAdapters$2":"com.google.gson.internal.bind.TypeAdapters$2","joptsimple.ArgumentList":"joptsimple.ArgumentList","com.google.gson.internal.bind.JsonTreeReader":"com.google.gson.internal.bind.JsonTreeReader","com.google.gson.internal.bind.TypeAdapters$1":"com.google.gson.internal.bind.TypeAdapters$1","joptsimple.OptionParserState":"joptsimple.OptionParserState","joptsimple.UnrecognizedOptionException":"joptsimple.UnrecognizedOptionException","com.google.gson.internal.bind.SqlDateTypeAdapter$1":"com.google.gson.internal.bind.SqlDateTypeAdapter$1","joptsimple.internal.ReflectionException":"joptsimple.internal.ReflectionException","com.google.gson.JsonIOException":"com.google.gson.JsonIOException","com.google.gson.internal.bind.TypeAdapters$8":"com.google.gson.internal.bind.TypeAdapters$8","com.google.gson.internal.bind.TypeAdapters$7":"com.google.gson.internal.bind.TypeAdapters$7","cyn":"cyn","com.google.gson.internal.bind.TypeAdapters":"com.google.gson.internal.bind.TypeAdapters","com.google.gson.internal.bind.TypeAdapters$9":"com.google.gson.internal.bind.TypeAdapters$9","com.google.gson.internal.bind.TypeAdapters$4":"com.google.gson.internal.bind.TypeAdapters$4","com.google.gson.internal.LinkedTreeMap":"com.google.gson.internal.LinkedTreeMap","com.google.gson.internal.bind.TypeAdapters$3":"com.google.gson.internal.bind.TypeAdapters$3","com.google.gson.internal.bind.TypeAdapters$6":"com.google.gson.internal.bind.TypeAdapters$6","com.google.gson.internal.bind.TypeAdapters$5":"com.google.gson.internal.bind.TypeAdapters$5","com.google.gson.internal.LazilyParsedNumber":"com.google.gson.internal.LazilyParsedNumber","com.google.gson.internal.bind.ObjectTypeAdapter$1":"com.google.gson.internal.bind.ObjectTypeAdapter$1","com.google.gson.JsonParseException":"com.google.gson.JsonParseException","joptsimple.NoArgumentOptionSpec":"joptsimple.NoArgumentOptionSpec","com.google.gson.internal.ConstructorConstructor":"com.google.gson.internal.ConstructorConstructor","com.google.gson.internal.bind.ReflectiveTypeAdapterFactory$Adapter":"com.google.gson.internal.bind.ReflectiveTypeAdapterFactory$Adapter","com.google.gson.internal.LinkedTreeMap$LinkedTreeMapIterator":"com.google.gson.internal.LinkedTreeMap$LinkedTreeMapIterator","joptsimple.OptionMissingRequiredArgumentException":"joptsimple.OptionMissingRequiredArgumentException","joptsimple.internal.AbbreviationMap":"joptsimple.internal.AbbreviationMap","com.google.gson.JsonElement":"com.google.gson.JsonElement","com.google.gson.FieldNamingPolicy":"com.google.gson.FieldNamingPolicy","com.google.gson.internal.bind.CollectionTypeAdapterFactory":"com.google.gson.internal.bind.CollectionTypeAdapterFactory","net.minecraft.client.main.Main":"net.minecraft.client.main.Main","joptsimple.OptionException":"joptsimple.OptionException","joptsimple.internal.Rows":"joptsimple.internal.Rows","com.google.gson.JsonSerializationContext":"com.google.gson.JsonSerializationContext","com.google.gson.JsonPrimitive":"com.google.gson.JsonPrimitive","com.google.gson.internal.Streams$AppendableWriter":"com.google.gson.internal.Streams$AppendableWriter","cyn$a":"cyn$a","joptsimple.ValueConverter":"joptsimple.ValueConverter","com.google.gson.JsonSyntaxException":"com.google.gson.JsonSyntaxException","com.google.gson.FieldNamingPolicy$4":"com.google.gson.FieldNamingPolicy$4","com.google.gson.FieldNamingPolicy$3":"com.google.gson.FieldNamingPolicy$3","com.google.gson.FieldNamingPolicy$5":"com.google.gson.FieldNamingPolicy$5","com.google.gson.internal.JsonReaderInternalAccess":"com.google.gson.internal.JsonReaderInternalAccess","com.google.gson.JsonDeserializer":"com.google.gson.JsonDeserializer","p$1":"p$1","com.google.gson.FieldNamingPolicy$2":"com.google.gson.FieldNamingPolicy$2","joptsimple.internal.Classes":"joptsimple.internal.Classes","com.google.gson.FieldNamingPolicy$1":"com.google.gson.FieldNamingPolicy$1"},"untransformedClassNames":{"joptsimple.BuiltinHelpFormatter":"joptsimple.BuiltinHelpFormatter","com.google.gson.internal.bind.TimeTypeAdapter$1":"com.google.gson.internal.bind.TimeTypeAdapter$1","com.google.gson.reflect.TypeToken":"com.google.gson.reflect.TypeToken","com.google.gson.internal.bind.TypeAdapters$23":"com.google.gson.internal.bind.TypeAdapters$23","com.google.gson.internal.bind.TypeAdapters$24":"com.google.gson.internal.bind.TypeAdapters$24","com.google.gson.internal.bind.TypeAdapters$25":"com.google.gson.internal.bind.TypeAdapters$25","com.google.gson.internal.bind.TypeAdapters$26":"com.google.gson.internal.bind.TypeAdapters$26","joptsimple.ValueConversionException":"joptsimple.ValueConversionException","com.google.gson.internal.bind.TypeAdapters$20":"com.google.gson.internal.bind.TypeAdapters$20","com.google.gson.GsonBuilder":"com.google.gson.GsonBuilder","com.google.gson.TypeAdapter":"com.google.gson.TypeAdapter","com.google.gson.internal.bind.JsonTreeWriter":"com.google.gson.internal.bind.JsonTreeWriter","com.google.gson.internal.bind.TypeAdapters$21":"com.google.gson.internal.bind.TypeAdapters$21","com.google.gson.JsonDeserializationContext":"com.google.gson.JsonDeserializationContext","com.google.gson.internal.bind.TypeAdapters$22":"com.google.gson.internal.bind.TypeAdapters$22","com.google.gson.internal.bind.TypeAdapters$27":"com.google.gson.internal.bind.TypeAdapters$27","com.google.gson.FieldNamingStrategy":"com.google.gson.FieldNamingStrategy","com.google.gson.internal.bind.TypeAdapters$28":"com.google.gson.internal.bind.TypeAdapters$28","com.google.gson.internal.bind.TypeAdapters$29":"com.google.gson.internal.bind.TypeAdapters$29","com.google.gson.internal.bind.SqlDateTypeAdapter":"com.google.gson.internal.bind.SqlDateTypeAdapter","com.google.gson.internal.bind.TypeAdapterRuntimeTypeWrapper":"com.google.gson.internal.bind.TypeAdapterRuntimeTypeWrapper","com.google.gson.internal.bind.TimeTypeAdapter":"com.google.gson.internal.bind.TimeTypeAdapter","joptsimple.OptionDescriptor":"joptsimple.OptionDescriptor","joptsimple.OptionSpec":"joptsimple.OptionSpec","joptsimple.OptionArgumentConversionException":"joptsimple.OptionArgumentConversionException","com.google.gson.internal.bind.TypeAdapters$34":"com.google.gson.internal.bind.TypeAdapters$34","com.google.gson.internal.bind.TypeAdapters$35":"com.google.gson.internal.bind.TypeAdapters$35","joptsimple.internal.MethodInvokingValueConverter":"joptsimple.internal.MethodInvokingValueConverter","com.google.gson.internal.bind.TypeAdapters$36":"com.google.gson.internal.bind.TypeAdapters$36","com.google.gson.internal.bind.TypeAdapters$30":"com.google.gson.internal.bind.TypeAdapters$30","joptsimple.IllegalOptionSpecificationException":"joptsimple.IllegalOptionSpecificationException","com.google.gson.internal.bind.TypeAdapters$32":"com.google.gson.internal.bind.TypeAdapters$32","joptsimple.OptionalArgumentOptionSpec":"joptsimple.OptionalArgumentOptionSpec","com.google.gson.internal.bind.TypeAdapters$33":"com.google.gson.internal.bind.TypeAdapters$33","joptsimple.ArgumentAcceptingOptionSpec":"joptsimple.ArgumentAcceptingOptionSpec","cuc":"cuc","com.google.gson.JsonArray":"com.google.gson.JsonArray","com.google.gson.LongSerializationPolicy":"com.google.gson.LongSerializationPolicy","com.google.gson.internal.bind.TypeAdapters$35$1":"com.google.gson.internal.bind.TypeAdapters$35$1","com.google.gson.internal.Excluder":"com.google.gson.internal.Excluder","joptsimple.internal.OptionNameMap":"joptsimple.internal.OptionNameMap","zs":"zs","com.google.gson.internal.LinkedTreeMap$EntrySet$1":"com.google.gson.internal.LinkedTreeMap$EntrySet$1","joptsimple.OptionSpecBuilder":"joptsimple.OptionSpecBuilder","com.google.gson.TypeAdapterFactory":"com.google.gson.TypeAdapterFactory","com.google.gson.internal.bind.TypeAdapters$EnumTypeAdapter":"com.google.gson.internal.bind.TypeAdapters$EnumTypeAdapter","zy":"zy","joptsimple.util.KeyValuePair":"joptsimple.util.KeyValuePair","com.google.gson.internal.bind.MapTypeAdapterFactory$Adapter":"com.google.gson.internal.bind.MapTypeAdapterFactory$Adapter","com.google.gson.stream.JsonReader$1":"com.google.gson.stream.JsonReader$1","com.google.gson.internal.$Gson$Types":"com.google.gson.internal.$Gson$Types","joptsimple.MultipleArgumentsForOptionException":"joptsimple.MultipleArgumentsForOptionException","dgh":"dgh","joptsimple.OptionDeclarer":"joptsimple.OptionDeclarer","joptsimple.internal.Strings":"joptsimple.internal.Strings","it.unimi.dsi.fastutil.Hash$Strategy":"it.unimi.dsi.fastutil.Hash$Strategy","com.google.gson.stream.JsonReader":"com.google.gson.stream.JsonReader","com.mojang.authlib.properties.PropertyMap$Serializer":"com.mojang.authlib.properties.PropertyMap$Serializer","com.google.gson.InstanceCreator":"com.google.gson.InstanceCreator","joptsimple.NonOptionArgumentSpec":"joptsimple.NonOptionArgumentSpec","joptsimple.RequiredArgumentOptionSpec":"joptsimple.RequiredArgumentOptionSpec","com.google.gson.internal.bind.MapTypeAdapterFactory":"com.google.gson.internal.bind.MapTypeAdapterFactory","joptsimple.internal.ConstructorInvokingValueConverter":"joptsimple.internal.ConstructorInvokingValueConverter","com.google.gson.Gson$FutureTypeAdapter":"com.google.gson.Gson$FutureTypeAdapter","com.google.gson.internal.bind.TreeTypeAdapter":"com.google.gson.internal.bind.TreeTypeAdapter","com.google.gson.internal.LinkedTreeMap$Node":"com.google.gson.internal.LinkedTreeMap$Node","com.google.gson.stream.JsonWriter":"com.google.gson.stream.JsonWriter","com.google.gson.internal.bind.ArrayTypeAdapter$1":"com.google.gson.internal.bind.ArrayTypeAdapter$1","joptsimple.HelpFormatter":"joptsimple.HelpFormatter","com.google.gson.internal.bind.TreeTypeAdapter$SingleTypeFactory":"com.google.gson.internal.bind.TreeTypeAdapter$SingleTypeFactory","com.google.gson.internal.$Gson$Preconditions":"com.google.gson.internal.$Gson$Preconditions","com.google.gson.internal.Streams":"com.google.gson.internal.Streams","com.google.gson.internal.bind.TypeAdapters$12":"com.google.gson.internal.bind.TypeAdapters$12","joptsimple.MissingRequiredOptionsException":"joptsimple.MissingRequiredOptionsException","com.google.gson.internal.bind.TypeAdapters$13":"com.google.gson.internal.bind.TypeAdapters$13","com.google.gson.internal.bind.TypeAdapters$14":"com.google.gson.internal.bind.TypeAdapters$14","com.google.gson.internal.bind.TypeAdapters$15":"com.google.gson.internal.bind.TypeAdapters$15","joptsimple.AlternativeLongOptionSpec":"joptsimple.AlternativeLongOptionSpec","com.google.gson.internal.bind.TypeAdapters$10":"com.google.gson.internal.bind.TypeAdapters$10","com.google.gson.internal.bind.TypeAdapters$11":"com.google.gson.internal.bind.TypeAdapters$11","p":"p","com.google.gson.stream.MalformedJsonException":"com.google.gson.stream.MalformedJsonException","com.google.gson.internal.bind.ArrayTypeAdapter":"com.google.gson.internal.bind.ArrayTypeAdapter","com.google.gson.stream.JsonToken":"com.google.gson.stream.JsonToken","com.google.gson.internal.bind.TypeAdapters$16":"com.google.gson.internal.bind.TypeAdapters$16","dgh$d":"dgh$d","com.google.gson.internal.ObjectConstructor":"com.google.gson.internal.ObjectConstructor","com.google.gson.internal.bind.TypeAdapters$17":"com.google.gson.internal.bind.TypeAdapters$17","com.google.gson.internal.bind.TypeAdapters$18":"com.google.gson.internal.bind.TypeAdapters$18","com.google.gson.JsonNull":"com.google.gson.JsonNull","com.google.gson.internal.bind.TypeAdapters$19":"com.google.gson.internal.bind.TypeAdapters$19","com.google.gson.internal.bind.DateTypeAdapter$1":"com.google.gson.internal.bind.DateTypeAdapter$1","joptsimple.UnconfiguredOptionException":"joptsimple.UnconfiguredOptionException","com.google.gson.LongSerializationPolicy$1":"com.google.gson.LongSerializationPolicy$1","com.google.gson.LongSerializationPolicy$2":"com.google.gson.LongSerializationPolicy$2","com.google.gson.JsonObject":"com.google.gson.JsonObject","com.google.gson.TypeAdapter$1":"com.google.gson.TypeAdapter$1","com.google.gson.Gson$6":"com.google.gson.Gson$6","com.google.gson.Gson$2":"com.google.gson.Gson$2","joptsimple.internal.Reflection":"joptsimple.internal.Reflection","com.google.gson.Gson$3":"com.google.gson.Gson$3","com.google.gson.internal.bind.ObjectTypeAdapter":"com.google.gson.internal.bind.ObjectTypeAdapter","com.google.gson.internal.bind.TreeTypeAdapter$GsonContextImpl":"com.google.gson.internal.bind.TreeTypeAdapter$GsonContextImpl","joptsimple.UnavailableOptionException":"joptsimple.UnavailableOptionException","com.google.gson.JsonSerializer":"com.google.gson.JsonSerializer","com.google.gson.Gson$4":"com.google.gson.Gson$4","joptsimple.AbstractOptionSpec":"joptsimple.AbstractOptionSpec","com.google.gson.Gson$5":"com.google.gson.Gson$5","com.google.gson.internal.bind.DateTypeAdapter":"com.google.gson.internal.bind.DateTypeAdapter","com.google.gson.internal.bind.CollectionTypeAdapterFactory$Adapter":"com.google.gson.internal.bind.CollectionTypeAdapterFactory$Adapter","com.google.gson.Gson$1":"com.google.gson.Gson$1","com.google.gson.internal.bind.TypeAdapters$26$1":"com.google.gson.internal.bind.TypeAdapters$26$1","net.minecraft.client.main.Main$2":"net.minecraft.client.main.Main$2","net.minecraft.client.main.Main$1":"net.minecraft.client.main.Main$1","com.mojang.authlib.properties.PropertyMap":"com.mojang.authlib.properties.PropertyMap","com.google.gson.Gson":"com.google.gson.Gson","joptsimple.OptionParser":"joptsimple.OptionParser","com.google.gson.internal.LinkedTreeMap$1":"com.google.gson.internal.LinkedTreeMap$1","org.fusesource.jansi.WindowsAnsiOutputStream":"org.fusesource.jansi.WindowsAnsiOutputStream","joptsimple.OptionSet":"joptsimple.OptionSet","com.google.gson.internal.bind.JsonAdapterAnnotationTypeAdapterFactory":"com.google.gson.internal.bind.JsonAdapterAnnotationTypeAdapterFactory","com.google.gson.internal.bind.ReflectiveTypeAdapterFactory$BoundField":"com.google.gson.internal.bind.ReflectiveTypeAdapterFactory$BoundField","joptsimple.OptionParserState$2":"joptsimple.OptionParserState$2","com.google.gson.internal.bind.ReflectiveTypeAdapterFactory":"com.google.gson.internal.bind.ReflectiveTypeAdapterFactory","com.google.gson.internal.LinkedTreeMap$EntrySet":"com.google.gson.internal.LinkedTreeMap$EntrySet","com.google.gson.internal.bind.ReflectiveTypeAdapterFactory$1":"com.google.gson.internal.bind.ReflectiveTypeAdapterFactory$1","joptsimple.OptionParserState$1":"joptsimple.OptionParserState$1","joptsimple.ParserRules":"joptsimple.ParserRules","com.google.gson.internal.Excluder$1":"com.google.gson.internal.Excluder$1","com.google.gson.internal.bind.TypeAdapters$2":"com.google.gson.internal.bind.TypeAdapters$2","joptsimple.ArgumentList":"joptsimple.ArgumentList","com.google.gson.internal.bind.JsonTreeReader":"com.google.gson.internal.bind.JsonTreeReader","com.google.gson.internal.bind.TypeAdapters$1":"com.google.gson.internal.bind.TypeAdapters$1","joptsimple.OptionParserState":"joptsimple.OptionParserState","joptsimple.UnrecognizedOptionException":"joptsimple.UnrecognizedOptionException","com.google.gson.internal.bind.SqlDateTypeAdapter$1":"com.google.gson.internal.bind.SqlDateTypeAdapter$1","joptsimple.internal.ReflectionException":"joptsimple.internal.ReflectionException","com.google.gson.JsonIOException":"com.google.gson.JsonIOException","com.google.gson.internal.bind.TypeAdapters$8":"com.google.gson.internal.bind.TypeAdapters$8","com.google.gson.internal.bind.TypeAdapters$7":"com.google.gson.internal.bind.TypeAdapters$7","cyn":"cyn","com.google.gson.internal.bind.TypeAdapters":"com.google.gson.internal.bind.TypeAdapters","com.google.gson.internal.bind.TypeAdapters$9":"com.google.gson.internal.bind.TypeAdapters$9","com.google.gson.internal.bind.TypeAdapters$4":"com.google.gson.internal.bind.TypeAdapters$4","com.google.gson.internal.LinkedTreeMap":"com.google.gson.internal.LinkedTreeMap","com.google.gson.internal.bind.TypeAdapters$3":"com.google.gson.internal.bind.TypeAdapters$3","com.google.gson.internal.bind.TypeAdapters$6":"com.google.gson.internal.bind.TypeAdapters$6","com.google.gson.internal.bind.TypeAdapters$5":"com.google.gson.internal.bind.TypeAdapters$5","com.google.gson.internal.LazilyParsedNumber":"com.google.gson.internal.LazilyParsedNumber","com.google.gson.internal.bind.ObjectTypeAdapter$1":"com.google.gson.internal.bind.ObjectTypeAdapter$1","com.google.gson.JsonParseException":"com.google.gson.JsonParseException","joptsimple.NoArgumentOptionSpec":"joptsimple.NoArgumentOptionSpec","com.google.gson.internal.ConstructorConstructor":"com.google.gson.internal.ConstructorConstructor","com.google.gson.internal.bind.ReflectiveTypeAdapterFactory$Adapter":"com.google.gson.internal.bind.ReflectiveTypeAdapterFactory$Adapter","com.google.gson.internal.LinkedTreeMap$LinkedTreeMapIterator":"com.google.gson.internal.LinkedTreeMap$LinkedTreeMapIterator","joptsimple.OptionMissingRequiredArgumentException":"joptsimple.OptionMissingRequiredArgumentException","joptsimple.internal.AbbreviationMap":"joptsimple.internal.AbbreviationMap","com.google.gson.JsonElement":"com.google.gson.JsonElement","com.google.gson.FieldNamingPolicy":"com.google.gson.FieldNamingPolicy","com.google.gson.internal.bind.CollectionTypeAdapterFactory":"com.google.gson.internal.bind.CollectionTypeAdapterFactory","net.minecraft.client.main.Main":"net.minecraft.client.main.Main","joptsimple.OptionException":"joptsimple.OptionException","joptsimple.internal.Rows":"joptsimple.internal.Rows","com.google.gson.JsonSerializationContext":"com.google.gson.JsonSerializationContext","com.google.gson.JsonPrimitive":"com.google.gson.JsonPrimitive","com.google.gson.internal.Streams$AppendableWriter":"com.google.gson.internal.Streams$AppendableWriter","cyn$a":"cyn$a","joptsimple.ValueConverter":"joptsimple.ValueConverter","com.google.gson.JsonSyntaxException":"com.google.gson.JsonSyntaxException","com.google.gson.FieldNamingPolicy$4":"com.google.gson.FieldNamingPolicy$4","com.google.gson.FieldNamingPolicy$3":"com.google.gson.FieldNamingPolicy$3","com.google.gson.FieldNamingPolicy$5":"com.google.gson.FieldNamingPolicy$5","com.google.gson.internal.JsonReaderInternalAccess":"com.google.gson.internal.JsonReaderInternalAccess","com.google.gson.JsonDeserializer":"com.google.gson.JsonDeserializer","p$1":"p$1","com.google.gson.FieldNamingPolicy$2":"com.google.gson.FieldNamingPolicy$2","joptsimple.internal.Classes":"joptsimple.internal.Classes","com.google.gson.FieldNamingPolicy$1":"com.google.gson.FieldNamingPolicy$1"},"transformedClassHashes":{"3020187396":3020187396,"1542480114":1542480114,"3780640083":3780640083,"1001712306":1001712306,"2033939004":2033939004,"4103056774":4103056774,"213165245":213165245,"3197183896":3197183896,"3999694444":3999694444,"2981284030":2981284030,"1139920382":1139920382,"3418001066":3418001066,"3223707957":3223707957,"2112081399":2112081399,"4171724978":4171724978,"849281417":849281417,"1798209332":1798209332,"2677944196":2677944196,"1223725547":1223725547,"596101788":596101788,"3041123679":3041123679,"3426647328":3426647328,"272162599":272162599,"217420501":217420501,"2643361199":2643361199,"2652332597":2652332597,"2784233169":2784233169,"3452425953":3452425953,"2508187993":2508187993,"2864196510":2864196510,"2721630481":2721630481,"4065432445":4065432445,"4145049660":4145049660,"3411686261":3411686261,"3403673071":3403673071,"2165437985":2165437985,"4251617368":4251617368,"2325733548":2325733548,"687608527":687608527,"3570467303":3570467303,"194901674":194901674,"3635258257":3635258257,"2313844438":2313844438,"4220028853":4220028853,"4184121689":4184121689,"2550573888":2550573888,"4116235025":4116235025,"3451699702":3451699702,"1126062932":1126062932,"1595877460":1595877460,"3539090623":3539090623,"650539915":650539915,"3088233053":3088233053,"2463005057":2463005057,"3613799476":3613799476,"1330299929":1330299929,"3863275280":3863275280,"3078019886":3078019886,"1814868596":1814868596,"1041228886":1041228886,"2164564573":2164564573,"1253308142":1253308142,"462559439":462559439,"3994942588":3994942588,"3813160239":3813160239,"1016166648":1016166648,"3908388252":3908388252,"469321875":469321875,"1006874984":1006874984,"2778499571":2778499571,"3794475355":3794475355,"1590858659":1590858659,"3310466851":3310466851,"178592471":178592471,"4101289991":4101289991,"2034222923":2034222923,"3712506687":3712506687,"3056551255":3056551255,"2078542750":2078542750,"3666700790":3666700790,"2909566736":2909566736,"3369107628":3369107628,"1349969910":1349969910,"3102548588":3102548588,"1376824210":1376824210,"3206804903":3206804903,"3750078728":3750078728,"520957312":520957312,"255053501":255053501,"794678733":794678733,"858258103":858258103,"1157600877":1157600877,"3153010300":3153010300,"3910157700":3910157700,"4235514338":4235514338,"1554145588":1554145588,"2509397771":2509397771,"695059958":695059958,"1124278680":1124278680,"539081604":539081604,"1545993600":1545993600,"329341703":329341703,"4053743417":4053743417,"1111667172":1111667172,"3421419081":3421419081,"2484425650":2484425650,"348751214":348751214,"992018825":992018825,"807160758":807160758,"2698170488":2698170488,"2393334796":2393334796,"2803697073":2803697073,"279296264":279296264,"3690809939":3690809939,"1641653609":1641653609,"2916666216":2916666216,"780329779":780329779,"1312454027":1312454027,"2467428771":2467428771,"3766884405":3766884405,"1713979036":1713979036,"226912305":226912305,"2665025379":2665025379,"2735001022":2735001022,"3424783262":3424783262,"349617003":349617003,"614833688":614833688,"1480682751":1480682751,"887662120":887662120,"1026228713":1026228713,"3740211756":3740211756,"4185472957":4185472957,"2338773923":2338773923,"327506509":327506509,"1392587208":1392587208,"1507749652":1507749652,"4225316115":4225316115,"1002107254":1002107254,"1125829588":1125829588,"540834031":540834031,"3210126209":3210126209,"3435358491":3435358491,"3125619349":3125619349,"1889066049":1889066049,"2099076292":2099076292,"2943235509":2943235509,"3591621069":3591621069,"1873861743":1873861743,"1148271248":1148271248,"3040972704":3040972704,"284315921":284315921,"380096578":380096578,"1156786453":1156786453,"443379338":443379338,"257344700":257344700,"893569448":893569448,"2846978395":2846978395,"200861202":200861202,"2532041984":2532041984,"560174478":560174478,"2599578908":2599578908,"3978331601":3978331601,"4118034822":4118034822,"1613547743":1613547743,"3623246339":3623246339,"2066022610":2066022610,"4249958822":4249958822,"245538650":245538650,"339720134":339720134,"3383593044":3383593044,"801874224":801874224,"3402092348":3402092348,"4193582095":4193582095,"1529903565":1529903565,"851791418":851791418,"1836290188":1836290188,"2139466362":2139466362}}